RU1TR19UQUJfVE9PTFRJUF9CQVNJQw==,bmFu,QmFzaWMgRW1vdGlvbnM=
RU1TR19UQUJfVE9PTFRJUF9QVVJDSEFTRQ==,bmFu,UHVyY2hhc2U=
RU1TR19UQUJfVE9PTFRJUF9VTlBVUkNIQVNFRA==,bmFu,Tm90IFB1cmNoYXNlZA==
RU1TR19UQUJfVE9PTFRJUF9TRUFSQ0g=,bmFu,U2VhcmNo
RU1TR19DQVNIX0VNT1RJT05fRlJFRV9QVVJDSEFTRV9RVUVTVElPTg==,V291bGQgeW91IGxpa2UgdG8gcHVyY2hhc2UgdGhlICIyMHRoIEFubml2ZXJzYXJ5IiBlbW90aW9uIGZvciBmcmVlPw==,V291bGQgeW91IGxpa2UgdG8gcHVyY2hhc2UgdGhlIGVtb3Rpb24gXCJ7MH1cIiBmb3IgZnJlZT8=
RU1TR19DQVNIX0VNT1RJT05fUFVSQ0hBU0VfUVVFU1RJT04=,V291bGQgeW91IGxpa2UgdG8gYnV5IHRoZSAiMjB0aCBBbm5pdmVyc2FyeSIgZW1vdGlvbiBmb3IgMTAgTnlhbmd2aW5lPyBVc2VkIE55YW5ndmluZSBpcyBub24tcmVmdW5kYWJsZS4=,V291bGQgeW91IGxpa2UgdG8gYnV5IHRoZSBlbW90aW9uIFwiezB9XCIgd2l0aCB7MX0gTnlhbmd2aW5lP1xuXkZGMjkzMU5vdGljZVxuVXNlZCBOeWFuZ3ZpbmUgaXMgbm9uLXJlZnVuZGFibGUu
RU1TR19TRUFSQ0hfV05EX0JBU0lDX1RJVExF,bmFu,QmFzaWMgRW1vdGlvbnM=
RU1TR19TRUFSQ0hfV05EX1BVUkNIQVNFX1RJVExF,bmFu,UHVyY2hhc2VkIEVtb3Rpb25z
RU1TR19TRUFSQ0hfV05EX1VOUFVSQ0hBU0VEX1RJVExF,bmFu,VW5wdXJjaGFzZWQgRW1vdGlvbnM=
RU1TR19QVVJDSEFTRV9GUkVFX1BSSUNF,RnJlZQ==,RnJlZQ==
RU1TR19QVVJDSEFTRV9QUklDRQ==,MTA=,e30=
RU1TR19FUFRfQkFTSUM=,bmFu,QmFzaWMgRW1vdGlvbnM=
RU1TR19FUFRfVEVTVDE=,bmFu,VGVzdCAx
RU1TR19FUFRfVEVTVDI=,bmFu,VGVzdCAy
RU1TR19FUFRfVEVTVDM=,bmFu,VGVzdCAz
RU1TR19FUFRfVEVTVDQ=,bmFu,VGVzdCA0
RU1TR19FVF9DVVNUT01fMQ==,bmFu,L2N1c3RvbTE=
RU1TR19FVF9DVVNUT01fMg==,bmFu,L2N1c3RvbTI=
RU1TR19FVF9DVVNUT01fMw==,bmFu,L2N1c3RvbTM=
RU1TR19FVF9DVVNUT01fNA==,bmFu,L2N1c3RvbTQ=
RU1TR19FVF9DVVNUT01fNQ==,bmFu,L2N1c3RvbTU=
RU1TR19FVF9DVVNUT01fNg==,bmFu,L2N1c3RvbTY=
RU1TR19FVF9DVVNUT01fNw==,bmFu,L2N1c3RvbTc=
RU1TR19FVF9DVVNUT01fOA==,bmFu,L2N1c3RvbTg=
RU1TR19FVF9DVVNUT01fOQ==,bmFu,L2N1c3RvbTk=
RU1TR19FVF9DVVNUT01fMTA=,bmFu,L2N1c3RvbTEw
RU1TR19FUFRfSEFMTE9XRUVOXzIwMjM=,bmFu,MjAyM+2VoOuhnOyciA==
RU1TR19TVU5SSVNF,bmFu,L3N1bnJpc2U=
RU1TR19IQUxMT1dFRU5fMjAyM19DVVNUT01fMQ==,bmFu,L3N1bnNldA==

RU1TR19FUFRfMjFTVF9BTk5JVkVSU0FSWV8x,bmFu,L2dnX3Ax
RU1TR19FUFRfMjFTVF9BTk5JVkVSU0FSWV8y,bmFu,L2dvX3Ax
RU1TR19FUFRfMjFTVF9BTk5JVkVSU0FSWV8z,bmFu,L2F3c21fcDE=
RU1TR19FUFRfMjFTVF9BTk5JVkVSU0FSWV80,bmFu,L2ZzaF9wMQ==
RU1TR19FUFRfMjFTVF9BTk5JVkVSU0FSWV81,bmFu,L3doYXRfcDE=
RU1TR19FUFRfMjFTVF9BTk5JVkVSU0FSWV82,bmFu,L3BvdXRfcDE=
RU1TR19FUFRfMjFTVF9BTk5JVkVSU0FSWV83,bmFu,L3RhZGFfcDE=
RU1TR19FUFRfMjFTVF9BTk5JVkVSU0FSWV84,bmFu,L3NwaW5fcDE=
RU1TR19FUFRfMjFTVF9BTk5JVkVSU0FSWV85,bmFu,L2V4Y2l0ZWRfcDE=
RU1TR19FUFRfMjFTVF9BTk5JVkVSU0FSWV8xMA==,bmFu,L2NlbGVicmF0ZV9wMQ==
RU1TR19FUFRfMjFTVF9BTk5JVkVSU0FSWQ==,bmFu,QW5uaXZlcnNhcnkgUGFjaw==

RU1TR19FUFRfMjAyM0NIVVNFT0tfMQ==,bmFu,L3RoeF9wMg==
RU1TR19FUFRfMjAyM0NIVVNFT0tfMg==,bmFu,L2ljX3Ay
RU1TR19FUFRfMjAyM0NIVVNFT0tfMw==,bmFu,L29rX3Ay
RU1TR19FUFRfMjAyM0NIVVNFT0tfNA==,bmFu,L3JpY2VfcDI=
RU1TR19FUFRfMjAyM0NIVVNFT0tfNQ==,bmFu,LyFfcDI=
RU1TR19FUFRfMjAyM0NIVVNFT0tfNg==,bmFu,Lz9fcDI=
RU1TR19FUFRfMjAyM0NIVVNFT0tfNw==,bmFu,L2hvX3Ay
RU1TR19FUFRfMjAyM0NIVVNFT0tfOA==,bmFu,L3NjaXNzb3JzX3Ay
RU1TR19FUFRfMjAyM0NIVVNFT0tfOQ==,bmFu,L3JvY2tfcDI=
RU1TR19FUFRfMjAyM0NIVVNFT0tfMTA=,bmFu,L3BhcGVyX3Ay
RU1TR19FUFRfMjAyM0NIVVNFT0s=,bmFu,Q2h1c2Vvaw==

RU1TR19FUFRfMjAyM1RIWEdJVklOR18x,bmFu,L3NsdXJfcDM=
RU1TR19FUFRfMjAyM1RIWEdJVklOR18y,bmFu,L21laF9wMw==
RU1TR19FUFRfMjAyM1RIWEdJVklOR18z,bmFu,L3NoeV9wMw==
RU1TR19FUFRfMjAyM1RIWEdJVklOR180,bmFu,L2NvbV9wMw==
RU1TR19FUFRfMjAyM1RIWEdJVklOR181,bmFu,L3JpY2VfcDM=
RU1TR19FUFRfMjAyM1RIWEdJVklOR182,bmFu,L21wX3Az
RU1TR19FUFRfMjAyM1RIWEdJVklOR183,bmFu,L2hwX3Az
RU1TR19FUFRfMjAyM1RIWEdJVklOR184,bmFu,L2x2Ml9wMw==
RU1TR19FUFRfMjAyM1RIWEdJVklOR185,bmFu,L3N3dF9wMw==
RU1TR19FUFRfMjAyM1RIWEdJVklOR18xMA==,bmFu,L2Nyd2RfcDM=
RU1TR19FUFRfMjAyM1RIWEdJVklORw==,bmFu,VGhhbmtzZ2l2aW5n

RU1TR19IQUxMT1dFRU5fMjAyM18x,bmFu,L2hhbGxvd2VlbjE=
RU1TR19FTU9USU9OX0VYUEFOVElPTl9OT1RfRU5PVUdIX05ZQU5HVklORQ==,bmFu,Tm90IGVub3VnaCBOeWFuZ3ZpbmUu
RU1TR19FTU9USU9OX0VYUEFOVElPTl9GQUlMX0RBVEU=,bmFu,U2FsZXMgcGVyaW9kIGhhcyBlbmRlZC4=
RU1TR19FTU9USU9OX0VYUEFOVElPTl9GQUlMX0FMUkVBRFlfQlVZ,bmFu,VGhpcyBlbW90aW9uIGhhcyBhbHJlYWR5IGJlZW4gcHVyY2hhc2VkLg==
RU1TR19FTU9USU9OX0VYUEFOVElPTl9GQUlMX0FOT1RIRVJfU0FMRV9CVVk=,bmFu,VGhpcyBlbW90aW9uIGhhcyBhbHJlYWR5IGJlZW4gcHVyY2hhc2VkIHRocm91Z2ggYW5vdGhlciBzYWxlIHR5cGUu
RU1TR19FTU9USU9OX0VYUEFOVElPTl9GQUlMX1VOS05PV04=,bmFu,RmFpbGVkIHRvIHB1cmNoYXNlIHRoZSBlbW90aW9uLg==
RU1TR19FTU9USU9OX0VYUEFOVElPTl9CVVlfU1VDQ0VTUw==,bmFu,RW1vdGlvbiBwdXJjaGFzZSBzdWNjZXNzZnVsLg==
RU1TR19FTU9USU9OX0VYUEFOVElPTl9VU0VfRkFJTF9EQVRF,bmFu,RW1vdGlvbiB1c2FnZSBwZXJpb2QgaGFzIGVuZGVkLg==
RU1TR19FTU9USU9OX0VYUEFOVElPTl9VU0VfRkFJTF9VTlBVUkNIQVNFRA==,bmFu,VW5wdXJjaGFzZWQgZW1vdGlvbnMgY2Fubm90IGJlIHVzZWQu
RU1TR19FTU9USU9OX0VYUEFOVElPTl9VU0VfRkFJTF9VTktOT1dO,bmFu,Q2Fubm90IHVzZSBlbW90aW9uIGR1ZSB0byBhbiB1bmtub3duIGVycm9yLg==
RU1TR19FTU9USU9OX0VYUEFOVElPTl9OT1RfRU5PVUdIX0JBU0lDU0tJTExfTEVWRUw=,bmFu,Q2Fubm90IHB1cmNoYXNlIHRoZSBlbW90aW9uIGR1ZSB0byBpbnN1ZmZpY2llbnQgYmFzaWMgc2tpbGwgbGV2ZWwu
RU1TR19FTU9USU9OX1VTRV9GQUlMX1NLSUxMX0xFVkVM,bmFu,Q2Fubm90IHVzZSB0aGUgZW1vdGlvbiBkdWUgdG8gaW5zdWZmaWNpZW50IGJhc2ljIHNraWxsIGxldmVsLg==
RU1TR19FTU9USU9OX1VTRUFCTEVfRVhQSVJFX1RJTUU=,VGltZSBsZWZ0IFswMGQgMDBoIDAwbV0=,VGltZSBsZWZ0IFt7MDowMn1kIHsxOjAyfWggezI6MDJ9bV0=
RU1TR19FTU9USU9OX1NBTEVfRU5EX1RJTUU=,U2FsZXMgcGVyaW9kIFsyMDIzLzEyLzMxIDAwOjAwXQ==,U2FsZXMgcGVyaW9kIFt7MDowNH0vezE6MDJ9L3syOjAyfSB7MzowMn06ezQ6MDJ9XQ==
RU1TR19FTU9USU9OX0VYUElSRV9VU0VBQkxFX1RJTUU=,bmFu,e30gRW1vdGlvbiB1c2FnZSBwZXJpb2QgaGFzIGV4cGlyZWQu
RU1TR19OT1RJQ0VfU0FMRV9TVEFSVA==,bmFu,e30gRW1vdGlvbiBzYWxlcyBoYXZlIHN0YXJ0ZWQu
RU1TR19OT1RJQ0VfU0FMRV9FTkQ=,bmFu,e30gRW1vdGlvbiBzYWxlcyBoYXZlIGVuZGVkLg==
RU1TR19QRVJJT0RfT0ZfVVNF,Rm9yIGRpc3BsYXlpbmcgdXNhZ2UgdGltZSBmb3IgcmVudGFsIGVtb3Rpb25z,WW91IGNhbiB1c2UgaXQgZm9yIHt9IGRheXMgYWZ0ZXIgcHVyY2hhc2Uu
RU1TR19QRVJJT0RfT0ZfTEFTVF9USU1F,Rm9yIHNob3dpbmcgbGFzdCBtaW51dGUgZHVlIHRvIHJlbnRhbCBlbW90aW9uIHN5bmMgaXNzdWVz,VGltZSByZW1haW5pbmcgW2xlc3MgdGhhbiAxIG1pbnV0ZV0=

RU1TR19OT1RfWUVUX1NBTEVfU1RBUlRfVElNRQ==,VXNlZCB3aGVuIHRoZSBlbW90aW9uIHNhbGVzIHBlcmlvZCBoYXNuJ3Qgc3RhcnRlZCB5ZXQ=,Tm90IGF2YWlsYWJsZSBmb3IgcHVyY2hhc2UgeWV0Lg==
RU1TR19IT1RLRVlfWVVUMQ==,bmFu,L3l1dA==
RU1TR19FUlJfU0FMRV9UWVBF,bmFu,U2FsZSB0eXBlICh7fSkgZG9lcyBub3QgbWF0Y2gu
RU1TR19FUlJfREFURV9UWVBF,bmFu,U2FsZXMgcGVyaW9kICh7fSkgZG9lcyBub3QgbWF0Y2gu
RU1TR19FUlJfVVNFX1RJTUU=,bmFu,VXNhZ2UgcGVyaW9kICh7fSkgZG9lcyBub3QgbWF0Y2gu